1791294995396,1791294960000000,86401.49000000,86421.59000000,86385.58000000,86387.38000000,1791294958800000,86401.49000000,86421.59000000,86385.58000000,86387.38000000,1791294958800000,86401.49000000,86421.59000000,86385.58000000,86387.38000000
1791295016187,1791294960000000,86401.49000000,86421.59000000,86380.31000000,86394.88000000,1791294958800000,86401.49000000,86421.59000000,86380.31000000,86394.88000000,1791294958800000,86401.49000000,86421.59000000,86380.31000000,86394.88000000
1791295036932,1791295020000000,86389.94000000,86396.56000000,86336.50000000,86351.71000000,1791295020000000,86389.94000000,86396.56000000,86336.50000000,86351.71000000,1791295020000000,86389.94000000,86396.56000000,86336.50000000,86351.71000000
1791295057702,1791295020000000,86389.94000000,86396.56000000,86294.23000000,86307.77000000,1791295020000000,86389.94000000,86396.56000000,86294.23000000,86307.77000000,1791295020000000,86389.94000000,86396.56000000,86294.23000000,86307.77000000
1791298925139,1791298920000000,86646.15000000,86664.98000000,86631.31000000,86641.69000000,1791298918800000,86646.15000000,86664.98000000,86631.31000000,86641.69000000,1791298918800000,86646.15000000,86664.98000000,86631.31000000,86641.69000000
1791299011217,1791298980000000,86645.90000000,86677.07000000,86618.90000000,86626.20000000,1791298980000000,86645.90000000,86677.07000000,86618.90000000,86626.20000000,1791298980000000,86645.90000000,86677.07000000,86618.90000000,86626.20000000
1791299031960,1791298980000000,86645.90000000,86677.07000000,86585.96000000,86604.57000000,1791298980000000,86645.90000000,86677.07000000,86585.96000000,86604.57000000,1791298980000000,86645.90000000,86677.07000000,86585.96000000,86604.57000000
1791299052783,1791299040000000,86618.35000000,86628.89000000,86567.13000000,86567.33000000,1791299039400000,86618.35000000,86628.89000000,86567.13000000,86567.33000000,1791299037600000,86618.35000000,86628.89000000,86567.13000000,86567.33000000
1791299073573,1791299040000000,86618.35000000,86628.89000000,86532.51000000,86551.55000000,1791299039400000,86618.35000000,86628.89000000,86532.51000000,86551.55000000,1791299037600000,86618.35000000,86628.89000000,86532.51000000,86551.55000000
1791299094389,1791299040000000,86618.35000000,86628.89000000,86526.62000000,86528.27000000,1791299039400000,86618.35000000,86628.89000000,86526.62000000,86528.27000000,1791299037600000,86618.35000000,86628.89000000,86526.62000000,86528.27000000
1791299115189,1791299100000000,86519.75000000,86583.82000000,86519.75000000,86559.87000000,1791299098800000,86519.75000000,86583.82000000,86519.75000000,86559.87000000,1791299098800000,86519.75000000,86583.82000000,86519.75000000,86559.87000000
1791299135948,1791299100000000,86519.75000000,86596.92000000,86519.75000000,86592.77000000,1791299098800000,86519.75000000,86596.92000000,86519.75000000,86592.77000000,1791299098800000,86519.75000000,86596.92000000,86519.75000000,86592.77000000
1791299156673,1791299100000000,86519.75000000,86606.48000000,86519.75000000,86598.71000000,1791299098800000,86519.75000000,86606.48000000,86519.75000000,86598.71000000,1791299098800000,86519.75000000,86606.48000000,86519.75000000,86598.71000000
1791299177403,1791299160000000,86594.20000000,86610.22000000,86577.26000000,86605.98000000,1791299160000000,86594.20000000,86610.22000000,86577.26000000,86605.98000000,1791299160000000,86594.20000000,86610.22000000,86577.26000000,86605.98000000
1791299198159,1791299160000000,86594.20000000,86610.22000000,86567.09000000,86573.52000000,1791299160000000,86594.20000000,86610.22000000,86567.09000000,86573.52000000,1791299160000000,86594.20000000,86610.22000000,86567.09000000,86573.52000000
1791299218964,1791299160000000,86594.20000000,86610.22000000,86567.09000000,86583.30000000,1791299160000000,86594.20000000,86610.22000000,86567.09000000,86583.30000000,1791299160000000,86594.20000000,86610.22000000,86567.09000000,86583.30000000
1791299239766,1791299220000000,86569.29000000,86585.48000000,86560.16000000,86567.73000000,1791299219400000,86569.29000000,86585.48000000,86560.16000000,86567.73000000,1791299217600000,86569.29000000,86585.48000000,86560.16000000,86567.73000000
1791299260538,1791299220000000,86569.29000000,86597.16000000,86556.94000000,86572.59000000,1791299219400000,86569.29000000,86597.16000000,86556.94000000,86572.59000000,1791299217600000,86569.29000000,86597.16000000,86556.94000000,86572.59000000
